index	start	end	length	output_label	original_label	note	expanded_start	expanded_end	expanded_length	flank_n
001	77	188	112	domain_RN35	domain_RN35		73	192	120	4
002	189	274	86	domain_RN34	domain_RN34		185	278	94	4
003	275	361	87	domain_RN33	domain_RN33		271	365	95	4
004	362	443	82	domain_RN32	domain_RN32		358	447	90	4
005	444	527	84	domain_RN31	domain_RN31		440	531	92	4
006	528	610	83	domain_RN30	domain_RN30		524	614	91	4
007	611	681	71	domain_RN29	domain_RN29		607	685	79	4
008	682	888	207	domain_RN28	domain_RN28		678	892	215	4
009	906	991	86	domain_RN27	domain_RN27		902	995	94	4
010	992	1078	87	domain_RN26	domain_RN26		988	1082	95	4
011	1079	1165	87	domain_RN25	domain_RN25		1075	1169	95	4
012	1166	1254	89	domain_RN24	domain_RN24		1162	1258	97	4
013	1255	1332	78	domain_RN23	domain_RN23		1251	1336	86	4
014	1333	1410	78	domain_RN22	domain_RN22		1329	1414	86	4
015	1411	1494	84	domain_RN21	domain_RN21		1407	1498	92	4
016	1495	1573	79	domain_RN20	domain_RN20		1491	1577	87	4
017	1574	1655	82	domain_RN19	domain_RN19		1570	1659	90	4
018	1656	1736	81	domain_RN18	domain_RN18		1652	1740	89	4
019	1737	1821	85	domain_RN17	domain_RN17		1733	1825	93	4
020	1822	1899	78	domain_RN16	domain_RN16		1818	1903	86	4
021	1900	1975	76	domain_RN15	domain_RN15		1896	1979	84	4
022	1976	2060	85	domain_RN14	domain_RN14		1972	2064	93	4
023	2061	2140	80	domain_RN13	domain_RN13		2057	2144	88	4
024	2141	2222	82	domain_RN12	domain_RN12		2137	2226	90	4
025	2223	2301	79	domain_RN11	domain_RN11		2219	2305	87	4
026	2302	2388	87	domain_RN10	domain_RN10		2298	2392	95	4
027	2389	2466	78	domain_RN9	domain_RN9		2385	2470	86	4
028	2467	2546	80	domain_RN8	domain_RN8		2463	2550	88	4
029	2547	2628	82	domain_RN7	domain_RN7		2543	2632	90	4
030	2629	2707	79	domain_RN6	domain_RN6		2625	2711	87	4
031	2708	2789	82	domain_RN5	domain_RN5		2704	2793	90	4
032	2790	2868	79	domain_RN4	domain_RN4		2786	2872	87	4
033	2869	2958	90	domain_RN3	domain_RN3		2865	2962	98	4
034	2959	3046	88	domain_RN2	domain_RN2	Kevin	2955	3050	96	4
035	3047	3146	100	domain_RN1	domain_RN1	Kevin	3043	3150	108	4
036	3147	3258	112	domain_R0	domain_R0		3143	3262	120	4
037	3259	3363	105	domain_RC1	domain_RC1		3255	3367	113	4
038	3364	3449	86	domain_RC2	domain_RC2		3360	3453	94	4
039	3450	3528	79	domain_RC3	domain_RC3		3446	3532	87	4
040	3529	3612	84	domain_RC4	domain_RC4		3525	3616	92	4
041	3613	3700	88	domain_RC5	domain_RC5		3609	3704	96	4
042	3701	3785	85	domain_RC6	domain_RC6		3697	3789	93	4
043	3786	3862	77	domain_RC7	domain_RC7		3782	3866	85	4
044	3863	3956	94	domain_RC8	domain_RC8		3859	3960	102	4
045	3957	4043	87	domain_RC9	domain_RC9		3953	4047	95	4
046	4044	4123	80	domain_RC10	domain_RC10		4040	4127	88	4
047	4124	4206	83	domain_RC11	domain_RC11		4120	4210	91	4
048	4207	4294	88	domain_RC12	domain_RC12		4203	4298	96	4
049	4295	4379	85	domain_RC13	domain_RC13		4291	4383	93	4
050	4380	4458	79	domain_RC14	domain_RC14		4376	4462	87	4
051	4459	4552	94	domain_RC15	domain_RC15		4455	4556	102	4
052	4553	4637	85	domain_RC16	domain_RC16		4549	4641	93	4
053	4638	4717	80	domain_RC17	domain_RC17		4634	4721	88	4
054	4718	4800	83	domain_RC18	domain_RC18		4714	4804	91	4
055	4801	4887	87	domain_RC19	domain_RC19		4797	4891	95	4
056	4888	4973	86	domain_RC20	domain_RC20		4884	4977	94	4
057	4974	5050	77	domain_RC21	domain_RC21		4970	5054	85	4
058	5051	5145	95	domain_RC22	domain_RC22		5047	5149	103	4
059	5146	5231	86	domain_RC23	domain_RC23		5142	5235	94	4
060	5232	5311	80	domain_RC24	domain_RC24		5228	5315	88	4
061	5312	5392	81	domain_RC25	domain_RC25		5308	5396	89	4
062	5393	5480	88	domain_RC26	domain_RC26		5389	5484	96	4
063	5481	5573	93	domain_RC27	domain_RC27		5477	5577	101	4
064	5574	5655	82	domain_RC28	domain_RC28		5570	5659	90	4
065	5656	5750	95	domain_RC29	domain_RC29		5652	5754	103	4
066	5751	5834	84	domain_RC30	domain_RC30		5747	5838	92	4
067	5835	5924	90	domain_RC31	domain_RC31		5831	5928	98	4
068	5925	6006	82	domain_RC32	domain_RC32		5921	6010	90	4
069	6007	6092	86	domain_RC33	domain_RC33		6003	6096	94	4
070	6093	6172	80	domain_RC34	domain_RC34		6089	6176	88	4
071	6173	6259	87	domain_RC35	domain_RC35		6169	6263	95	4
072	6260	6338	79	domain_RC36	domain_RC36		6256	6342	87	4
073	6339	6409	71	domain_RC37	domain_RC37		6335	6413	79	4
074	6410	6497	88	domain_RC38	domain_RC38		6406	6497	92	4
